{"schemaVersion":"1.0","appDefinitionTemplate":{"id":"/providers/Microsoft.PowerApps/apps/","type":"Microsoft.PowerApps/apps","tags":{"primaryDeviceWidth":"1535","primaryDeviceHeight":"617","supportsPortrait":"true","supportsLandscape":"true","primaryFormFactor":"Tablet","showStatusBar":"false","publisherVersion":"3.25111.6","minimumRequiredApiVersion":"2.2.0","hasComponent":"false","hasUnlockedComponent":"false","isUnifiedRootApp":"false","sienaVersion":"20251203T205620Z-3.25111.6.0"},"properties":{"appVersion":"2025-12-03T20:56:20Z","lifeCycleId":"Published","createdByClientVersion":{"major":3,"minor":25111,"build":6,"revision":0,"majorRevision":0,"minorRevision":0},"minClientVersion":{"major":3,"minor":25111,"build":6,"revision":0,"majorRevision":0,"minorRevision":0},"backgroundColor":"RGBA(0,176,240,1)","backgroundImageUri":"/9213508248279337963/N2081c759-5311-406e-8a70-0a0a83e02a74-logoSmallFile","displayName":"Prueba OPICHAT","description":"Version Alpha 1.0 -  correccion de hora en ver info","commitMessage":"","appUris":{"documentUri":{"value":"/9213508248279337963/N082e52c5-c6b6-4c9c-b200-e33ea7d3a396-document.msapp"},"imageUris":[],"additionalUris":[{"isSolutionAware":false,"value":"/9213508248279337963/N0aeb7fcb-9fcd-41d5-a831-f9e73a4c328a-identity.json"}]},"createdTime":"0001-01-01T00:00:00Z","lastModifiedTime":"0001-01-01T00:00:00Z","sharedGroupsCount":0,"sharedUsersCount":0,"connectionReferences":{"1216eaa6-e9ae-4710-ac04-30113ffca38e":{"id":"9a7e3c21-3c26-4309-b76b-4e0467e98dd8","displayName":"SharePoint","iconUri":"https://conn-afd-prod-endpoint-bmc9bqahasf3grgk.b01.azurefd.net/v1.0.1769/1.0.1769.4352/sharepointonline/icon.png","dataSources":["Camas HUN","Usuarios OPI"],"dependencies":[],"dependents":["86bbac38-53ad-4eea-a350-2425219567d8"],"parameterHints":{},"parameterHintsV2":{},"isOnPremiseConnection":false,"bypassConsent":false,"dataSets":{"https://unaledu.sharepoint.com/sites/DataOPICHAT":{"dataSources":{"Camas HUN":{"tableName":"b173680b-79a5-4d2c-a309-93a8bf8339d8"},"Usuarios OPI":{"tableName":"12924a97-c493-4ffa-97d8-0db844432222"}}}},"apiTier":"Standard","isCustomApiConnection":false,"actions":["providers/PowerPlatform.Governance/Operations/Read","providers/PowerPlatform.Governance/Operations/Write"]},"1410e12f-3d08-484a-88f5-3aca045f2862":{"id":"d64670ae-034a-44c6-aeee-51318550b998","displayName":"Flujos lógicos","iconUri":"https://conn-afd-prod-endpoint-bmc9bqahasf3grgk.b01.azurefd.net/v1.0.1766/1.0.1766.4330/logicflows/icon.png","dataSources":["Notificar_Next_Step"],"dependencies":["f93962e2-16d0-4419-8afe-9f8fcf011494"],"dependents":[],"parameterHints":{"workflowName":{"value":"41919d4b-1f8b-4bc4-8790-bcc00e7190aa"},"workflowEntityId":{},"workflowDisplayName":{"value":"Notificar_Next_Step"},"f93962e2-16d0-4419-8afe-9f8fcf011494":{"value":"shared_teams"}},"parameterHintsV2":{"workflowName":{"value":"41919d4b-1f8b-4bc4-8790-bcc00e7190aa"},"workflowEntityId":{},"workflowDisplayName":{"value":"Notificar_Next_Step"},"shared_teams":{"value":"f93962e2-16d0-4419-8afe-9f8fcf011494"}},"isOnPremiseConnection":false,"bypassConsent":false,"dataSets":{},"apiTier":"Standard","isCustomApiConnection":false,"actions":["Run"],"nestedActions":[{"id":"/providers/Microsoft.PowerApps/apis/shared_teams/apiOperations/PostCardToConversation","flowConnectionRef":"shared_teams","apiName":"Microsoft Teams","actionName":"PostCardToConversation","referencedResources":[{"key":"chatId","value":"19:741952e6f16541168356531e0ed3ecad@thread.v2"},{"key":"chatId","value":"19:d4ce711e37604f809956d93b805bc114@thread.v2"},{"key":"chatId","value":"19:a9f205378c5b40e3af43b33db53395e0@thread.v2"},{"key":"chatId","value":"19:764b8a865300418b826deb387c35ae74@thread.v2"}]}]},"f93962e2-16d0-4419-8afe-9f8fcf011494":{"id":"4cdbc375-1c8f-444a-bf37-d6f60e3371a0","displayName":"Microsoft Teams","iconUri":"https://conn-afd-prod-endpoint-bmc9bqahasf3grgk.b01.azurefd.net/releases/v1.0.1777/1.0.1777.4429/teams/icon.png","dataSources":[],"dependencies":[],"dependents":["1410e12f-3d08-484a-88f5-3aca045f2862"],"parameterHints":{},"parameterHintsV2":{},"isOnPremiseConnection":false,"bypassConsent":false,"dataSets":{},"apiTier":"Standard","isCustomApiConnection":false},"86bbac38-53ad-4eea-a350-2425219567d8":{"id":"d64670ae-034a-44c6-aeee-51318550b998","displayName":"Flujos lógicos","iconUri":"https://conn-afd-prod-endpoint-bmc9bqahasf3grgk.b01.azurefd.net/v1.0.1766/1.0.1766.4330/logicflows/icon.png","dataSources":["Guardar_Egresos"],"dependencies":["6e055714-84f2-4ec9-9d51-8bc22050c45e","1216eaa6-e9ae-4710-ac04-30113ffca38e"],"dependents":[],"parameterHints":{"workflowName":{"value":"855c498c-a1d6-48c9-9fe2-fed54439b929"},"workflowEntityId":{},"workflowDisplayName":{"value":"Guardar_Egresos"},"6e055714-84f2-4ec9-9d51-8bc22050c45e":{"value":"shared_excelonlinebusiness"},"1216eaa6-e9ae-4710-ac04-30113ffca38e":{"value":"shared_sharepointonline"}},"parameterHintsV2":{"workflowName":{"value":"855c498c-a1d6-48c9-9fe2-fed54439b929"},"workflowEntityId":{},"workflowDisplayName":{"value":"Guardar_Egresos"},"shared_excelonlinebusiness":{"value":"6e055714-84f2-4ec9-9d51-8bc22050c45e"},"shared_sharepointonline":{"value":"1216eaa6-e9ae-4710-ac04-30113ffca38e"}},"isOnPremiseConnection":false,"bypassConsent":false,"dataSets":{},"apiTier":"Standard","isCustomApiConnection":false,"actions":["Run"],"nestedActions":[{"id":"/providers/Microsoft.PowerApps/apis/shared_excelonlinebusiness/apiOperations/AddRowV2","flowConnectionRef":"shared_excelonlinebusiness","apiName":"Excel Online (Empresas)","actionName":"AddRowV2","referencedResources":[{"key":"fileId","value":"b!djwBsOy0T02cVQ7-ea1xPSoCBtUk9YdJjSYlAe62IMeJPHVifDTJR6FTPOAtPA0D/016TH3ON55NPJCTX446VGLDHQNCNUYXPI2"},{"key":"table","value":"{E4819CCD-4C27-4B65-901A-17CB6B6810C2}"}]},{"id":"/providers/Microsoft.PowerApps/apis/shared_sharepointonline/apiOperations/PatchItem","flowConnectionRef":"shared_sharepointonline","apiName":"SharePoint","actionName":"PatchItem","referencedResources":[{"key":"site","value":"https://unaledu.sharepoint.com/sites/DataOPICHAT"},{"key":"list","value":"b173680b-79a5-4d2c-a309-93a8bf8339d8"},{"key":"site","value":"https://unaledu.sharepoint.com/sites/DataOPICHAT"},{"key":"fileId","value":"@triggerBody()['number']"}]}]},"6e055714-84f2-4ec9-9d51-8bc22050c45e":{"id":"75cd1d98-ff5f-44e0-ba98-f58938a75107","displayName":"Excel Online (Empresas)","iconUri":"https://conn-afd-prod-endpoint-bmc9bqahasf3grgk.b01.azurefd.net/releases/v1.0.1777/1.0.1777.4410/excelonlinebusiness/icon.png","dataSources":[],"dependencies":[],"dependents":["86bbac38-53ad-4eea-a350-2425219567d8"],"parameterHints":{},"parameterHintsV2":{},"isOnPremiseConnection":false,"bypassConsent":false,"dataSets":{},"apiTier":"Standard","isCustomApiConnection":false}},"databaseReferences":{},"almMode":"Environment","performanceOptimizationEnabled":true,"canConsumeAppPass":true,"enableModernRuntimeMode":false,"executionRestrictions":{"isTeamsOnly":false,"dataLossPreventionEvaluationResult":{"status":"Compliant","lastEvaluationDate":"2025-12-03T20:59:49.3183174Z","violations":[],"violationsByPolicy":[],"violationErrorMessage":"The app uses the following connectors: shared_sharepointonline, shared_logicflows, shared_teams, shared_excelonlinebusiness."},"httpActionRestriction":{"appUsesSharepointHttpAction":false,"enforcementStrategy":"Legacy","evaluationTime":"2025-12-03T20:59:49.3181656Z"}}},"isAppComponentLibrary":false,"appType":"ClassicCanvasApp","appComponents":[]}}