{"name":"a1d5cfe3-5932-4f4d-b16a-39ec07b0b62f","id":"/providers/Microsoft.Flow/flows/a1d5cfe3-5932-4f4d-b16a-39ec07b0b62f","type":"Microsoft.Flow/flows","properties":{"apiId":"/providers/Microsoft.PowerApps/apis/shared_logicflows","displayName":"Guardar_Egresos","definition":{"metadata":{"workflowEntityId":null,"processAdvisorMetadata":null,"flowChargedByPaygo":null,"flowclientsuspensionreason":"None","flowclientsuspensiontime":null,"flowclientsuspensionreasondetails":null,"creator":{"id":"b57fdc7c-385a-4b12-a8e3-411c36539edb","type":"User","tenantId":"577fc1d8-0922-458e-87bf-ec4f455eb600"},"provisioningMethod":"FromDefinition","failureAlertSubscription":true,"clientLastModifiedTime":"2025-12-03T20:55:04.1301264Z","connectionKeySavedTimeKey":"2025-12-03T20:55:04.1301264Z","creationSource":"PowerappsPpux","modifiedSources":"PowerappsPpux"},"$schema":"https://schema.management.azure.com/providers/Microsoft.Logic/schemas/2016-06-01/workflowdefinition.json#","contentVersion":"1.0.0.0","parameters":{"$connections":{"defaultValue":{},"type":"Object"},"$authentication":{"defaultValue":{},"type":"SecureObject"}},"triggers":{"manual":{"metadata":{"operationMetadataId":"d082d118-d221-4d91-bbd7-93fdcb2cc94a"},"type":"Request","kind":"PowerAppV2","inputs":{"schema":{"type":"object","properties":{"number":{"title":"ID Cama","type":"number","x-ms-dynamically-added":true,"description":"Escriba el ID de la cama","x-ms-content-hint":"NUMBER"},"number_2":{"title":"habitacion","type":"number","x-ms-dynamically-added":true,"description":"Escriba la habitacion","x-ms-content-hint":"NUMBER"},"number_1":{"title":"Piso","type":"number","x-ms-dynamically-added":true,"description":"Escriba el piso","x-ms-content-hint":"NUMBER"},"number_3":{"title":"cama","type":"number","x-ms-dynamically-added":true,"description":"Escriba la cama.","x-ms-content-hint":"NUMBER"},"text":{"title":"hora inicio egreso","type":"string","x-ms-dynamically-added":true,"description":"Escribir  la hora de inicio del egreso","x-ms-content-hint":"TEXT"},"text_1":{"title":"Nesecidad TICS","type":"string","x-ms-dynamically-added":true,"description":"Escribir si hubo o no nesecidad de TICS","x-ms-content-hint":"TEXT"},"text_2":{"title":"Enviado a TICS Por","type":"string","x-ms-dynamically-added":true,"description":"Escribir el Nombre de quien envio a TICS","x-ms-content-hint":"TEXT"},"text_3":{"title":"Time Snap TICS","type":"string","x-ms-dynamically-added":true,"description":"Escribir el time de inicio TICS","x-ms-content-hint":"TEXT"},"text_4":{"title":"ID Medico","type":"string","x-ms-dynamically-added":true,"description":"Escribir ID de medico","x-ms-content-hint":"TEXT"},"text_5":{"title":"Hora check medico","type":"string","x-ms-dynamically-added":true,"description":"Escribir la hora de check de medico","x-ms-content-hint":"TEXT"},"text_6":{"title":"ID Enfermeria","type":"string","x-ms-dynamically-added":true,"description":"Escribir  el ID de enfermeria","x-ms-content-hint":"TEXT"},"text_7":{"title":"TimeSnam check Enfermeria","type":"string","x-ms-dynamically-added":true,"description":"Escribir la hora de check de enfermeria","x-ms-content-hint":"TEXT"},"text_8":{"title":"ID Referencia","type":"string","x-ms-dynamically-added":true,"description":"Escribir el ID de referencia","x-ms-content-hint":"TEXT"},"text_9":{"title":"TimeSnap Check Referencia","type":"string","x-ms-dynamically-added":true,"description":"Escribir la hora del check de Referencia","x-ms-content-hint":"TEXT"},"text_10":{"title":"ID Aseo","type":"string","x-ms-dynamically-added":true,"description":"Escribir ID de Aseo","x-ms-content-hint":"TEXT"},"text_11":{"title":"Time Snap End TICS","type":"string","x-ms-dynamically-added":true,"description":"Escribir Time Snap End TICS","x-ms-content-hint":"TEXT"},"text_12":{"title":"ID Facturacion","type":"string","x-ms-dynamically-added":true,"description":"Escribir ID de Facturacion","x-ms-content-hint":"TEXT"},"text_13":{"title":"TimeSnap Check Facturacion","type":"string","x-ms-dynamically-added":true,"description":"Escribir la hora de check de Facturacion","x-ms-content-hint":"TEXT"}},"required":["number","number_2","number_1","number_3","text","text_4","text_5","text_6","text_7","text_8","text_9","text_10","text_12","text_13"]}}}},"actions":{"Agregar_una_fila_a_una_tabla":{"runAfter":{"Actualizar_elemento":["Succeeded"]},"metadata":{"016TH3ON55NPJCTX446VGLDHQNCNUYXPI2":"/Egresos.xlsx","operationMetadataId":"5c78cc84-2e3c-4758-8ac9-e13994e256ef","tableId":"{E4819CCD-4C27-4B65-901A-17CB6B6810C2}"},"type":"OpenApiConnection","inputs":{"host":{"apiId":"/providers/Microsoft.PowerApps/apis/shared_excelonlinebusiness","connectionName":"shared_excelonlinebusiness","operationId":"AddRowV2"},"parameters":{"source":"groups/7a77f170-5eb1-4c6f-a751-c56e90217142","drive":"b!djwBsOy0T02cVQ7-ea1xPSoCBtUk9YdJjSYlAe62IMeJPHVifDTJR6FTPOAtPA0D","file":"016TH3ON55NPJCTX446VGLDHQNCNUYXPI2","table":"{E4819CCD-4C27-4B65-901A-17CB6B6810C2}","item/ID Cama":"@triggerBody()['number']","item/Piso":"@triggerBody()['number_1']","item/Habitacion":"@triggerBody()['number_2']","item/Cama ":"@triggerBody()['number_3']","item/Hora Inicio Egreso":"@triggerBody()['text']","item/Necesidad TICS":"@triggerBody()['text_1']","item/Enviado a TICS por":"@triggerBody()['text_2']","item/TimeSnap TICS":"@triggerBody()['text_3']","item/TimeSnap end TICS":"@triggerBody()['text_11']","item/ID Medico":"@triggerBody()['text_4']","item/Hora check medico":"@triggerBody()['text_5']","item/ID Enfermeria":"@triggerBody()['text_6']","item/TimeSnam check Enfermeria":"@triggerBody()['text_7']","item/ID Facturacion":"@triggerBody()['text_12']","item/TimeSnap Check Facturacion":"@triggerBody()['text_13']","item/ID Referencia":"@triggerBody()['text_8']","item/TimeSnap Check Referencia":"@triggerBody()['text_9']","item/ID Aseo":"@triggerBody()['text_10']"},"authentication":{"value":"@json(decodeBase64(triggerOutputs().headers['X-MS-APIM-Tokens']))['$ConnectionKey']","type":"Raw"}}},"Actualizar_elemento":{"runAfter":{},"metadata":{"operationMetadataId":"beb721a0-bb62-4bbb-81e5-53d6ef78ef45"},"type":"OpenApiConnection","inputs":{"host":{"apiId":"/providers/Microsoft.PowerApps/apis/shared_sharepointonline","connectionName":"shared_sharepointonline","operationId":"PatchItem"},"parameters":{"dataset":"https://unaledu.sharepoint.com/sites/DataOPICHAT","table":"b173680b-79a5-4d2c-a309-93a8bf8339d8","id":"@triggerBody()['number']","item/Piso/Value":"@triggerBody()['number_1']","item/field_3":"@triggerBody()['number_2']","item/field_2":"@triggerBody()['number_3']","item/field_1/Value":"Sin Egreso","item/Paciente":"@null","item/HoraInicioEgreso":"@null","item/field_5":"@null","item/EnviadoaTICSpor/Claims":"@null","item/TimeSnapTICS":"@null","item/TimeSnapendTICS":"@null","item/Horacheckmedico":"@null","item/TimeSnamcheckEnfermeria":"@null","item/TimeSnapCheckFacturacion":"@null","item/TimeSnapCheckReferencia":"@null","item/TimeSnapCheckAseo":"@null","item/Rol/Claims":"@null","item/{ContentType}/Id":"@null"},"authentication":{"value":"@json(decodeBase64(triggerOutputs().headers['X-MS-APIM-Tokens']))['$ConnectionKey']","type":"Raw"}}}},"description":"Proporcione un título, un mensaje, una dirección de correo electrónico, y enviará una tarjeta adaptable diseñada en Microsoft Teams para notificar al usuario. Esta tarjeta adaptable mostrará el mensaje y permitirá al destinatario abrir directamente Power Apps en Microsoft Teams sin configuración adicional."},"connectionReferences":{"shared_excelonlinebusiness":{"connectionName":"744754cd12694bbc839ea5bc51542200","source":"Invoker","id":"/providers/Microsoft.PowerApps/apis/shared_excelonlinebusiness","tier":"NotSpecified","apiName":"excelonlinebusiness","isProcessSimpleApiReferenceConversionAlreadyDone":false},"shared_sharepointonline":{"connectionName":"f44f715271ff4d64b75e1c164480dd5f","source":"Invoker","id":"/providers/Microsoft.PowerApps/apis/shared_sharepointonline","tier":"NotSpecified","apiName":"sharepointonline","isProcessSimpleApiReferenceConversionAlreadyDone":false}},"flowFailureAlertSubscribed":false,"isManaged":false}}